date,# of orders,# of new orders,new customers,total revenue,gross profit,COGS,AOV,gross_margin_pct,new_customer_rate
2025-05-16,2452,987,989,238010.95,124434.71,113576.24,97.06808727569332,52.28108622733534,40.33442088091354
2025-05-17,2173,772,761,224086.4,126119.02,97967.38,103.12305568338702,56.281425378782465,35.02070869765301
2025-05-18,2749,1275,1192,226582.57,128282.08,98300.49,82.423634048745,56.61604067779794,43.36122226264096
2025-05-19,2060,1012,960,203540.86,100212.05,103328.81,98.8062427184466,49.23436503117851,46.601941747572816
2025-05-20,1791,910,908,188081.24,115962.11,72119.13,105.01465103294248,61.655330430616054,50.697934115019535
2025-05-21,2874,934,872,251286.55,123962.87,127323.68,87.43442936673625,49.33127937010556,30.340988169798187
2025-05-22,1704,848,842,186182.97,99768.23,86414.74,109.26230633802817,53.586120148368025,49.413145539906104
2025-05-23,2745,1268,1177,243080.55,130791.92,112288.63,88.5539344262295,53.80599969845387,42.87795992714025
2025-05-24,3096,1097,1060,282268.06,174043.94,108224.12,91.17185400516796,61.65909809278457,34.23772609819121
2025-05-25,2254,1023,1041,227809.53,114404.11,113405.42,101.06900177462289,50.2191940784918,46.18456078083407
2025-05-26,3820,1330,1271,270095.08,159451.57,110643.51,70.70551832460734,59.03534784861686,33.27225130890052
2025-05-27,2138,1122,1142,208047.23,113217.2,94830.03,97.30927502338635,54.418989380440195,53.414405986903645
2025-05-28,2895,1326,1271,285303.34,142558.79,142744.55,98.55037651122626,49.967445176071195,43.90328151986183
2025-05-29,3396,1580,1463,280842.28,166797.62,114044.66,82.69796230859836,59.391919193933326,43.08009422850412
2025-05-30,3695,1364,1272,262078.97,152352.5,109726.47,70.92800270635995,58.13228737887668,34.42489851150203
2025-05-31,2839,1143,1124,311053.4,191986.06,119067.34,109.56442409299049,61.72125429267129,39.59140542444523
2025-06-01,2571,1279,1226,255879.74,135261.16,120618.58,99.52537534033449,52.86122301046577,47.68572539867756
2025-06-02,3118,1242,1205,307232.77,148210.99,159021.78,98.53520525978192,48.24061899386579,38.64656831302117
2025-06-03,3281,1413,1428,347768.64,210208.71,137559.93,105.99470893020421,60.4449872190891,43.523316062176164
2025-06-04,3178,1486,1395,326038.67,187910.1,138128.57,102.59240717432347,57.63429841006283,43.89553178099433
2025-06-05,3256,1347,1363,264534.4,140613.06,123921.34,81.24520884520885,53.15492427449888,41.86117936117936
2025-06-06,2941,1080,1016,294622.51,150806.04,143816.47,100.1776640598436,51.18619076322444,34.54607276436586
2025-06-07,3588,1642,1592,312361.94,183159.55,129202.39,87.05739687848383,58.636961340424506,44.3701226309922
2025-06-08,2351,1166,1108,238539.55,123202.23,115337.32,101.46301573798384,51.64855471555975,47.12888132709485
2025-06-09,4688,1446,1416,332386.4,164252.25,168134.15,70.90153583617747,49.41605613226052,30.204778156996586
2025-06-10,2844,1560,1491,279947.9,138358.0,141589.9,98.43456399437413,49.42276759354151,52.426160337552744
2025-06-11,2503,1115,1066,266579.13,134311.89,132267.24,106.50384738314024,50.38349776293442,42.58889332800639
2025-06-12,3226,1409,1434,245632.45,122339.86,123292.59,76.14149101053937,49.806065933063806,44.4513329200248
2025-06-13,3794,1442,1439,280759.18,173768.89,106990.29,74.00083816552451,61.89250517115772,37.92830785450712
2025-06-14,2849,1407,1366,254952.68,125791.92,129160.76,89.48848016848017,49.33932053587356,47.94664794664795
2025-06-15,3837,1909,1940,273449.33,154000.52,119448.81,71.26643992702633,56.31775364013508,50.56033359395361
2025-06-16,3112,1406,1413,246546.12,146123.4,100422.72,79.22433161953727,59.26818073632633,45.404884318766065
2025-06-17,2754,828,796,268478.64,155613.89,112864.75,97.48679738562092,57.9613670569845,28.903413217138706
2025-06-18,2350,948,933,205892.84,111708.52,94184.32,87.6139744680851,54.25566037167684,39.702127659574465
2025-06-19,3329,1745,1642,252292.39,135610.52,116681.87,75.78623911084411,53.75133193672627,49.324121357765094
2025-06-20,2352,1050,1029,238838.78,140053.87,98784.91,101.54710034013605,58.63950150808842,43.75
2025-06-21,2642,1314,1325,193739.26,101995.71,91743.55,73.33052990158971,52.64586537596975,50.151400454201365
2025-06-22,2629,1324,1237,204623.63,110598.24,94025.39,77.83325599087105,54.04959339251288,47.052111068847466
2025-06-23,2678,1088,1013,224725.49,124066.35,100659.14,83.91541822255414,55.207956160202386,37.82673637042569
2025-06-24,2789,1036,1008,223036.6,118532.52,104504.08,79.97009680889208,53.144873980324306,36.14198637504482
2025-06-25,2076,1068,1022,226634.34,120591.38,106042.96,109.16875722543352,53.209668049422696,49.22928709055876
2025-06-26,3659,1354,1292,258581.26,130668.26,127913.0,70.66992620934681,50.532764826035724,35.310194042088
2025-06-27,2453,751,711,184223.58,108267.23,75956.35,75.10133713819812,58.76947456997633,28.98491642886262
2025-06-28,3930,1849,1846,307475.24,149606.21,157869.03,78.23797455470738,48.656343840889434,46.972010178117046
2025-06-29,2434,939,935,262293.26,154577.22,107716.04,107.7622267871816,58.93297448817404,38.41413311421528
2025-06-30,3922,1709,1645,294637.56,153617.64,141019.92,75.1243141254462,52.13783334344746,41.94288628250892
2025-07-01,2691,1280,1253,260678.58,151234.85,109443.73,96.87052396878484,58.01583313826553,46.562616127833515
2025-07-02,2185,1010,936,221373.06,110298.83,111074.23,101.31490160183067,49.8248657718333,42.837528604118994
2025-07-03,2425,1294,1301,245773.9,143543.71,102230.19,101.3500618556701,58.40478179334746,53.64948453608247
2025-07-04,2863,1528,1508,309074.55,157364.9,151709.65,107.95478519035976,50.91486827368996,52.67202235417394
2025-07-05,2401,1308,1281,255166.55,156650.22,98516.33,106.27511453561016,61.39136183798386,53.352769679300295
2025-07-06,2325,1037,992,250387.78,131988.5,118399.28,107.6936688172043,52.71363482674754,42.66666666666667
2025-07-07,3157,1067,1055,281358.54,144783.74,136574.8,89.12212226797593,51.45880412942149,33.41780171048463
2025-07-08,4059,1859,1828,309158.9,162124.63,147034.27,76.16627248090663,52.440550797664244,45.03572308450357
2025-07-09,3405,1603,1558,309767.38,166259.78,143507.6,90.97426725403818,53.67246221987608,45.756240822320116
2025-07-10,3201,1142,1059,308905.09,154759.0,154146.09,96.50268353639488,50.09920684699627,33.0834114339269
2025-07-11,2721,1117,1096,287198.02,172144.23,115053.79,105.5487026828372,59.939211976461394,40.27930907754502
2025-07-12,2422,807,796,244765.7,125622.42,119143.28,101.05933113129646,51.32353920504384,32.865400495458296
2025-07-13,2375,963,934,253761.23,131128.09,122633.14,106.84683368421054,51.673807697101715,39.32631578947368
2025-07-14,2387,852,868,258456.91,137153.92,121302.99,108.2768789275241,53.06645506208366,36.36363636363637
2025-07-15,2597,1428,1354,222248.63,110293.62,111955.01,85.57898729303042,49.62623166675988,52.13708124759337
2025-07-16,3996,1865,1772,318631.49,168834.07,149797.42,79.73761011011011,52.987251824984405,44.34434434434434
2025-07-17,2645,892,871,210274.48,122505.97,87768.51,79.49885822306238,58.26002756016803,32.93005671077505
2025-07-18,2451,1336,1345,234358.56,122684.32,111674.24,95.61752753977969,52.34898183364841,54.87556099551204
2025-07-19,2282,772,786,208348.08,116790.05,91558.03,91.30064855390007,56.05525618474623,34.44347063978966
2025-07-20,3558,1611,1643,269928.31,160649.81,109278.5,75.86517987633502,59.51573215866094,46.17762788083193
2025-07-21,2838,1160,1106,267155.65,148102.94,119052.71,94.13518322762509,55.4369484605697,38.971106412966876
2025-07-22,3003,1322,1276,214550.99,116024.2,98526.79,71.44555111555111,54.07768102118755,42.49084249084249
2025-07-23,3858,1748,1741,284255.03,150056.99,134198.04,73.67937532400208,52.78956365345583,45.1270088128564
2025-07-24,2103,696,709,214993.51,113319.63,101673.88,102.23181645268664,52.70839570924723,33.71374227294341
2025-07-25,2797,1123,1076,291251.97,174849.58,116402.39,104.13012870933142,60.033784492513476,38.46978905970683
2025-07-26,2812,946,945,280697.62,148965.29,131732.33,99.82134423897581,53.069666212346235,33.60597439544808
2025-07-27,2377,815,799,224499.08,117565.4,106933.68,94.446394615061,52.36787607325607,33.613798906184265
2025-07-28,2561,1095,1045,204053.06,108272.37,95780.69,79.67710269426006,53.060890142985365,40.804373291682936
2025-07-29,3260,1035,993,254314.45,147428.24,106886.21,78.01056748466257,57.97084672145054,30.460122699386506
2025-07-30,4266,1440,1451,343570.79,201524.77,142046.02,80.5369878105954,58.65596723167299,34.01312705110173
2025-07-31,3160,1347,1291,238995.46,141694.68,97300.78,75.6314746835443,59.28760320384329,40.85443037974684
2025-08-01,2938,1401,1301,239297.93,120148.75,119149.18,81.44926140231449,50.208854710945474,44.281824370319946
2025-08-02,3018,1570,1543,258875.51,148809.85,110065.66,85.77717362491717,57.48317019249909,51.126573889993374
2025-08-03,3702,1620,1554,340964.16,199409.58,141554.58,92.1026904376013,58.484029523806846,41.9773095623987
2025-08-04,2677,950,898,247384.79,144893.62,102491.17,92.41120283899889,58.5701408724441,33.54501307433694
2025-08-05,2524,1232,1145,255349.35,151364.66,103984.69,101.16852218700475,59.277480048412116,45.364500792393024
2025-08-06,3054,1333,1240,286964.59,156208.01,130756.58,93.96351997380485,54.43459417763007,40.60248853962017
2025-08-07,3816,1271,1250,290615.11,166892.32,123722.79,76.15699947589098,57.427268664729795,32.75681341719078
2025-08-08,3322,1342,1305,300068.84,182338.19,117730.65,90.32776640577966,60.76545302071351,39.2835641180012
2025-08-09,3296,1789,1796,299669.71,178918.65,120751.06,90.91920813106796,59.70528352698709,54.490291262135926
2025-08-10,3153,1588,1507,306997.73,169616.47,137381.26,97.3668664763717,55.25007302171257,47.79575007928957
2025-08-11,2309,1072,1019,252722.59,153870.3,98852.29,109.45110004330878,60.88505978037024,44.131658726721525
2025-08-12,2954,1318,1313,285009.86,143614.18,141395.68,96.48268788083953,50.389197061463065,44.44820582261341
2025-08-13,2900,1238,1232,244095.73,145083.84,99011.89,84.17094137931035,59.43727077896855,42.48275862068965
2025-08-14,2557,1363,1288,246950.21,121768.63,125181.58,96.57810324599139,49.30898013814202,50.371529135705906
2025-08-15,2017,894,859,204220.75,99324.09,104896.66,101.24975210708973,48.63565039301834,42.58800198314328
2025-08-16,3486,1371,1304,287374.16,174824.52,112549.64,82.4366494549627,60.83515650815647,37.40676993689041
2025-08-17,3046,1172,1097,260207.76,157620.15,102587.61,85.42605384110308,60.574730745923944,36.01444517399869
2025-08-18,2303,1243,1156,206556.83,121671.75,84885.08,89.69033000434216,58.90473338499628,50.19539730785931
2025-08-19,2358,745,750,241960.59,144644.5,97316.09,102.61263358778626,59.78018982347497,31.806615776081426
2025-08-20,3105,1069,1015,238645.09,127445.31,111199.78,76.85832206119163,53.403700868096635,32.689210950080515
2025-08-21,2530,1303,1329,205032.67,102612.53,102420.14,81.04058102766798,50.04691691328996,52.5296442687747
2025-08-22,2168,668,645,215178.34,113944.49,101233.85,99.25200184501846,52.95351288610183,29.75092250922509
2025-08-23,3550,1568,1548,320310.11,188007.73,132302.38,90.2282,58.695534149702624,43.605633802816904
2025-08-24,2523,1256,1178,258953.2,128419.08,130534.12,102.63701942132383,49.5916173269919,46.690447879508525
2025-08-25,3242,1491,1514,268195.98,149466.13,118729.85,82.72547193090683,55.73019028845996,46.69956816779766
2025-08-26,3386,1325,1290,295071.75,179926.24,115145.51,87.14463969285292,60.97711488815855,38.098050797401065
2025-08-27,2601,1214,1136,216104.95,113084.41,103020.54,83.08533256439831,52.328468181779265,43.67550941945406
2025-08-28,3236,1724,1652,247519.4,145793.47,101725.93,76.48930778739184,58.90183557329244,51.050679851668725
2025-08-29,3154,1088,1040,226107.82,117891.11,108216.71,71.68922637920102,52.139333349903595,32.974001268230815
2025-08-30,3000,1426,1353,305078.01,175947.47,129130.54,101.69267,57.672944044705154,45.1
2025-08-31,2395,1079,1038,238354.78,114496.24,123858.54,99.52182881002088,48.03605784620724,43.34029227557411
2025-09-01,3757,1322,1316,296533.91,172492.17,124041.74,78.9283763641203,58.16945859581456,35.027947830715995
2025-09-02,2619,1273,1283,287607.96,152559.86,135048.1,109.81594501718214,53.04438027375875,48.98816342115311
2025-09-03,3681,1452,1383,303803.33,162377.28,141426.05,82.53282531920674,53.448156740085764,37.571312143439286
2025-09-04,2756,1383,1361,282378.04,158394.37,123983.67,102.45937590711175,56.093019839644754,49.38316400580551
2025-09-05,2640,908,863,221288.67,122521.82,98766.85,83.82146590909092,55.3674166869908,32.68939393939394
2025-09-06,3845,1440,1411,332048.9,199746.55,132302.35,86.35862158647595,60.1557632023476,36.697009102730824
2025-09-07,5009,2491,2339,376324.45,183087.68,193236.77,75.12965661808744,48.65155054368643,46.695947294869235
2025-09-08,2751,919,907,298644.18,146421.48,152222.7,108.55840785169029,49.02874048976947,32.969829153035256
2025-09-09,4410,2027,1974,312940.13,151560.16,161379.97,70.96148072562359,48.431040148158694,44.761904761904766
2025-09-10,2649,946,890,235893.29,141579.4,94313.89,89.049939599849,60.01840917136727,33.59758399395999
2025-09-11,2545,1382,1407,266395.31,133847.87,132547.44,104.67399214145382,50.244078996736086,55.284872298624755
2025-09-12,2624,966,894,263461.73,146803.98,116657.75,100.40462271341462,55.72117817642813,34.07012195121951
